method,Q,negative_share,glin_bad_share,coll_bad_share,time_sec,evals,intervals,invalid_count,generations,coarse_factor,max_iterations
ga_interval,0.056402079002079,0.0655,0.030405405405405407,0.009615384615384616,2.7466161999982432,39751,7,0,248,1.0,0
bf_full_interval,0.05526424116424117,0.0645,0.02702702702702703,0.009615384615384616,81.67885490000117,2734375,7,12,0,1.0,0
bf_budget_time_matched,0.05907775467775468,0.068,0.037162162162162164,0.009615384615384616,2.775337600000057,91952,7,0,0,1.0,13136
bf_coarse_f2,0.055602079002079,0.0645,0.030405405405405407,0.009615384615384616,1.3627549999982875,45927,7,0,0,2.0,0
bf_coarse_f3,0.0576912681912682,0.065,0.0472972972972973,0.009615384615384616,0.0557182999982615,1792,7,0,0,3.0,0
bf_coarse_f4,0.0576912681912682,0.065,0.0472972972972973,0.009615384615384616,0.05517360000158078,1792,7,0,0,4.0,0
bf_coarse_f6,0.42916320166320165,0.425,0.8243243243243243,0.0673076923076923,0.001977900003112154,7,7,0,0,6.0,0
