method,shift_frac,seed,Q,negative_share,glin_bad_share,coll_bad_share,time_sec,evals
ga_full,0.0,42,0.06779054054054054,0.0925,0.010135135135135136,0.0,1.7682105999847408,21231
bf_full,0.0,,0.06509999999999999,0.093,0.0,0.0,4.6586586000048555,131072
bf_budget_matched,0.0,,0.077,0.11,0.0,0.0,0.7559356999990996,21231
