interval_id,lithotype,start_idx,end_idx,depth_start,depth_end,sample_count,method,local_score,negative_share,bad_metric_name,bad_share,elapsed_sec,evals,invalid_count,generations_ran
0,2,0,76,2920.0,2935.0,76,bf,0.19578947368421054,0.24473684210526317,glin_bad_share,0.0,0.3936524000018835,13136,0,0
1,1,76,136,2935.2,2947.0,60,bf,0.0,0.0,coll_bad_share,0.0,0.40176680000149645,13136,0,0
2,2,136,207,2947.2,2961.2,71,bf,0.014084507042253521,0.014084507042253521,glin_bad_share,0.028169014084507043,0.41496059999917634,13136,0,0
3,1,207,218,2961.4,2963.4,11,bf,0.0,0.0,coll_bad_share,0.0,0.3897016999981133,13136,0,0
4,2,218,252,2963.6,2970.2,34,bf,0.04058823529411765,0.047058823529411764,glin_bad_share,0.029411764705882353,0.38437789999807137,13136,0,0
5,1,252,285,2970.4,2976.8,33,bf,0.0030303030303030307,0.0,coll_bad_share,0.030303030303030304,0.3770893000000797,13136,0,0
6,2,285,400,2977.0,2999.8,115,bf,0.04869565217391305,0.05217391304347826,glin_bad_share,0.06956521739130435,0.413440600001195,13136,0,0
