interval_id,lithotype,start_idx,end_idx,depth_start,depth_end,sample_count,method,local_score,negative_share,bad_metric_name,bad_share,elapsed_sec,evals,invalid_count,generations_ran
0,2,0,76,2920.0,2935.0,76,bf,0.18947368421052632,0.23684210526315788,glin_bad_share,0.0,11.882423399998515,390625,3,0
1,1,76,136,2935.2,2947.0,60,bf,0.0,0.0,coll_bad_share,0.0,12.045105999997759,390625,0,0
2,2,136,207,2947.2,2961.2,71,bf,0.014084507042253521,0.014084507042253521,glin_bad_share,0.028169014084507043,11.69961179999882,390625,3,0
3,1,207,218,2961.4,2963.4,11,bf,0.0,0.0,coll_bad_share,0.0,11.156938599997375,390625,0,0
4,2,218,252,2963.6,2970.2,34,bf,0.037647058823529415,0.047058823529411764,glin_bad_share,0.0,11.335294499996962,390625,3,0
5,1,252,285,2970.4,2976.8,33,bf,0.0030303030303030307,0.0,coll_bad_share,0.030303030303030304,11.277736500000174,390625,0,0
6,2,285,400,2977.0,2999.8,115,bf,0.04139130434782609,0.04521739130434783,glin_bad_share,0.05217391304347826,12.281385500002216,390625,3,0
